response_time,project_name,user_name,user_ip,example_id,response,context_viewed
2021-07-02 21:03:17,kappa_lambda_demo,pieval,172.20.0.3,2,agree,no
2021-07-02 21:03:19,kappa_lambda_demo,pieval,172.20.0.3,1,review,no
2021-07-02 21:03:20,kappa_lambda_demo,pieval,172.20.0.3,3,pass,no
2021-07-02 21:03:22,kappa_lambda_demo,pieval,172.20.0.3,4,disagree,no
2021-07-02 21:06:44,kappa_lambda_demo,pieval,172.20.0.3,0,pass,no
2021-07-02 21:08:32,cncr_hist_mc_demo,pieval,172.20.0.3,2,bubbly,no
2021-07-02 21:08:48,cncr_hist_mc_demo,pieval,172.20.0.3,5,bill,no
2021-07-02 21:14:53,cncr_hist_mc_demo,pieval,172.20.0.3,1,agree,no
2021-07-02 21:15:05,cncr_hist_mc_demo,pieval,172.20.0.3,0,norco,no
2021-07-02 21:15:28,cncr_hist_mc_demo,pieval,172.20.0.3,3,,no
2021-07-02 21:16:07,cncr_hist_mc_demo,pieval,172.20.0.3,6,hodgkins lymphoma,no
2021-07-02 21:17:30,cncr_hist_mc_demo,pieval,172.20.0.3,4,agree,no
2021-07-02 21:17:46,movie_reviews_demo,pieval,172.20.0.3,15,nope,no
2021-07-02 21:19:12,movie_reviews_demo,pieval,172.20.0.3,10,neutral,no
2021-07-02 21:20:08,movie_reviews_demo,pieval,172.20.0.3,0,agree,no
2021-07-02 21:20:18,movie_reviews_demo,pieval,172.20.0.3,2,neutral,no
2021-07-02 21:20:26,movie_reviews_demo,pieval,172.20.0.3,8,neutral,no
2021-07-02 21:20:39,movie_reviews_demo,pieval,172.20.0.3,19,bill,no
2021-07-02 21:21:43,movie_reviews_demo,pieval,172.20.0.3,6,dismal,no
2021-07-02 21:22:42,movie_reviews_demo,pieval,172.20.0.3,13,dismal,no
2021-07-02 21:28:56,movie_reviews_demo,pieval,172.20.0.3,18,pass,no
2021-07-02 21:29:39,image_demo,pieval,172.20.0.3,2,disagree,no
2021-07-02 21:29:47,image_demo,pieval,172.20.0.3,5,review,no
2021-07-02 21:29:54,image_demo,pieval,172.20.0.3,1,disagree,no
2021-07-02 21:30:11,image_demo,pieval,172.20.0.3,3,disagree,no
2021-07-02 21:30:15,image_demo,pieval,172.20.0.3,0,disagree,no
2021-07-02 21:30:22,image_demo,pieval,172.20.0.3,4,agree,no
